{
 "testName":"Asserts Samples",
 "tests":[
   {
    "name":" expecting command finishes successfully (bash way)",
    "status":true,
    "duration":"vars"
   },
   {
    "name":" expecting command finishes successfully (the same as above, bats way)",
    "status":true,
    "duration":"var"
   },
   {
    "name":"expecting command fails (the same as above, bats way)",
    "status":true,
    "duration":""
   },
   {
    "name":"expecting command prints exact value (bash way)",
    "status":true,
    "duration":"var"
   },
   {
    "name":"expecting command prints exact value (the same as above, bats way)",
    "status":true,
    "duration":""
   },
   {
    "name":"expecting command prints some message (bash way)",
    "status":true,
    "duration":"var"
   },
   {
    "name":"expecting command prints some message (the same as above, bats way)",
    "status":true,
    "duration":""
   }
],
 "summary":{
 "success":5,
 "failed":2,
 "rating":71.43,
 "duration":"136ms"
 }
}
